{"AQ-SN00-00": {"type": "AQ", "position": {"x": 51.28513717651367, "y": 1.6215870380401611, "z": 4.454594612121582}, "nodeCamPos": {"x": 47.1571128925324, "y": 10.813746561492021, "z": -5.124732929042089}, "nodeCamRot": {"_x": 0.06273805686044948, "_y": 0.9281202251794779, "_z": 0.3180096700709582, "_w": -0.18310279510572933}}, "AQ-PL00-00": {"type": "AQ", "position": {"x": 62.62446975708008, "y": 4.456400394439697, "z": -22.972482681274414}, "nodeCamPos": {"x": 63.07609587254626, "y": 11.285318405315142, "z": -31.910315032782755}, "nodeCamRot": {"_x": -0.006536564916095005, "_y": 0.9759776848336057, "_z": 0.21575575249469606, "_w": 0.02956834948691254}}, "AQ-AN00-00": {"type": "AQ", "position": {"x": -7.999300003051758, "y": 4.050452709197998, "z": -2.1049461364746094}, "nodeCamPos": {"x": -12.087743489186654, "y": 13.780276277674995, "z": 8.764907873675991}, "nodeCamRot": {"_x": -0.31641294469530323, "_y": -0.2053241193912331, "_z": -0.07035206816476015, "_w": 0.9234584132111214}}, "AQ-VN90-00": {"type": "AQ", "position": {"x": 17.154020309448242, "y": -1.9419792890548706, "z": 36.87873077392578}, "nodeCamPos": {"x": 15.649160697391668, "y": -0.31875568467295334, "z": 32.17631446800729}, "nodeCamRot": {"_x": 0.009974798233780108, "_y": 0.9878342725922103, "_z": 0.07155164545815407, "_w": -0.1377109847639057}}, "AQ-FG00-00": {"type": "AQ", "position": {"x": 49.12010192871094, "y": -0.4045029282569885, "z": 44.08293151855469}, "nodeCamPos": {"x": 50.40726390564085, "y": 9.795894701449493, "z": 30.52633679400224}, "nodeCamRot": {"_x": 0.002848931811644246, "_y": 0.9656650994815487, "_z": 0.259558193468759, "_w": -0.010599218558818948}}, "AQ-BN00-00": {"type": "AQ", "position": {"x": 66.92549896240234, "y": -2.4359521865844727, "z": 57.45458221435547}, "nodeCamPos": {"x": 71.29785182017446, "y": 4.9318489351750525, "z": 66.13288295939469}, "nodeCamRot": {"_x": -0.2399188436245224, "_y": 0.1974528927864884, "_z": 0.04990855538598324, "_w": 0.9491893592447208}}, "AQ-KN00-00": {"type": "AQ", "position": {"x": 74.36376953125, "y": -0.2447211742401123, "z": 21.425336837768555}, "nodeCamPos": {"x": 77.96742974523212, "y": 4.98142369007631, "z": 15.428029066856919}, "nodeCamRot": {"_x": -0.08382986960440555, "_y": 0.9110174875887573, "_z": 0.23027086739548785, "_w": 0.3316549681498927}}, "AQ-MG00-00": {"type": "AQ", "position": {"x": -30.49074935913086, "y": -2.3663434982299805, "z": 66.02432250976562}, "nodeCamPos": {"x": -31.870464121646556, "y": -0.22613723968592225, "z": 69.84863053215594}, "nodeCamRot": {"_x": -0.22615591770294596, "_y": -0.20758258051392134, "_z": -0.04939435144083536, "_w": 0.9504331492539908}, "location": "Main Gate"}, "AQ-KH00-00": {"type": "AQ", "position": {"x": -6.052675247192383, "y": -0.3333301544189453, "z": 18.879558563232422}, "nodeCamPos": {"x": -6.041113971656053, "y": 0.8185742261246629, "z": 14.171833774312045}, "nodeCamRot": {"_x": -0.00014751835622306615, "_y": 0.9976486611066305, "_z": 0.06850190860910717, "_w": 0.0021484290520195344}}, "WM-WF-PH01-00": {"type": "WF", "position": {"x": -33.913230895996094, "y": -1.9195384979248047, "z": 59.873313903808594}, "nodeCamPos": {"x": -36.104716320413246, "y": 0.5468252427287936, "z": 66.14592446387186}, "nodeCamRot": {"_x": -0.12939310755579986, "_y": -0.2975728958337014, "_z": -0.04074433065205112, "_w": 0.9450120078083213}}, "WM-WF-KB04-71": {"type": "WF", "position": {"x": -11.623827934265137, "y": 6.624477386474609, "z": 24.898983001708984}, "nodeCamPos": {"x": -13.890611831077374, "y": 10.441182962762358, "z": 27.62470190827002}, "nodeCamRot": {"_x": -0.38400613453841625, "_y": -0.36355596031172693, "_z": -0.16779947374296178, "_w": 0.8319913995771031}}, "WM-WD-VN90-00": {"type": "WD", "position": {"x": 18.739402770996094, "y": -1.6120314598083496, "z": 36.36275863647461}, "nodeCamPos": {"x": 19.765606558430235, "y": -1.0756853689097867, "z": 31.528716030490678}, "nodeCamRot": {"_x": -0.0030323873151966415, "_y": 0.9967701214276662, "_z": 0.045932262051359765, "_w": 0.0658054477918923}, "location": "VindhyaF0"}, "WM-WD-VN01-00": {"type": "WD", "position": {"x": -8.565862655639648, "y": 0.8073475360870361, "z": 37.08677673339844}, "nodeCamPos": {"x": -6.966512240993713, "y": 2.00021278322728, "z": 32.62726626010499}, "nodeCamRot": {"_x": -0.022371361355755945, "_y": 0.9775983746476798, "_z": 0.1440469826844506, "_w": 0.1518268976723505}, "location": "VindhyaF1"}, "WM-WD-VN00-00": {"type": "WD", "position": {"x": -14.546835899353027, "y": -2.4147658348083496, "z": 37.76055145263672}, "nodeCamPos": {"x": -9.875365529792148, "y": 1.7922947584424183, "z": 33.10629503920878}, "nodeCamRot": {"_x": -0.08041058576787698, "_y": 0.9122590420849878, "_z": 0.21707168519532294, "_w": 0.33793114878198177}, "location": "VindhyaF0"}, "WE-VN04-00": {"type": "WE", "position": {"x": -6.75822114944458, "y": 5.314606666564941, "z": 38.080543518066406}, "nodeCamPos": {"x": -6.635085804060942, "y": 7.85581467825758, "z": 40.69670628257821}, "nodeCamRot": {"_x": -0.3125533830749223, "_y": -0.00045345550397939366, "_z": -0.0001492041693515869, "_w": 0.949900076242045}}, "CM-MG99-00": {"type": "CM", "position": {"x": -30.526166915893555, "y": -2.352184772491455, "z": 55.749935150146484}, "nodeCamPos": {"x": -34.00692182698842, "y": 0.8534186475782732, "z": 58.383567978055865}, "nodeCamRot": {"_x": -0.20312043014680511, "_y": -0.4410699229929333, "_z": -0.10320615981095418, "_w": 0.8680713694536069}}, "SL-NI03-00": {"type": "SL", "position": {"x": 52.6680908203125, "y": 4.965503215789795, "z": 45.225284576416016}, "nodeCamPos": {"x": 53.91599067493846, "y": 12.429719650544861, "z": 57.688834433431175}, "nodeCamRot": {"_x": -0.2641891981097004, "_y": -0.004790529304674336, "_z": -0.0013122458260004235, "_w": 0.9644580843364976}}, "SL-NI03-01": {"type": "SL", "position": {"x": 58.85956573486328, "y": 4.965503215789795, "z": 45.48811340332031}, "nodeCamPos": {"x": 58.606087334720925, "y": 13.420728197872378, "z": 57.135751755557024}, "nodeCamRot": {"_x": -0.2786119384563797, "_y": -0.01197510089406006, "_z": -0.003474254710696367, "_w": 0.9603228177349328}}, "SL-VN02-00": {"type": "SL", "position": {"x": -8.756975173950195, "y": 5.062864303588867, "z": 37.187835693359375}, "nodeCamPos": {"x": -8.189269945097783, "y": 14.46869858231851, "z": 47.011683706034894}, "nodeCamRot": {"_x": -0.30374687628737224, "_y": 0.005989479393273865, "_z": 0.0019095460266820427, "_w": 0.9527320268135386}}, "SL-VN02-01": {"type": "SL", "position": {"x": -10.768112182617188, "y": 5.062864303588867, "z": 40.582950592041016}, "nodeCamPos": {"x": -10.096360702996122, "y": 13.699001935011278, "z": 50.824128365163986}, "nodeCamRot": {"_x": -0.3144256541991179, "_y": 0.013089133389597859, "_z": 0.004335901362131765, "_w": 0.9491819543838494}}, "SL-VN03-00": {"type": "SL", "position": {"x": 11.694761276245117, "y": 5.118765354156494, "z": 37.255393981933594}, "nodeCamPos": {"x": 11.77523518848065, "y": 12.419597879391997, "z": 46.37243715667468}, "nodeCamRot": {"_x": -0.31089202962343476, "_y": -0.0011556739427885001, "_z": -0.000378022949888213, "_w": 0.9504444578369683}}, "SL-VN95-00": {"type": "SL", "position": {"x": -17.865129470825195, "y": 7.305784702301025, "z": 28.274555206298828}, "nodeCamPos": {"x": -16.534798688866914, "y": 16.433870716800783, "z": 38.50903551600531}, "nodeCamRot": {"_x": -0.24137879131289647, "_y": 0.0170207320490351, "_z": 0.004234319640797141, "_w": 0.9702724588083594}}, "WM-WD-PH02-00": {"type": "WD", "position": {"x": 19.406862258911133, "y": -2.1704092025756836, "z": 44.425750732421875}, "nodeCamPos": {"x": 21.48515690591321, "y": -1.2454867980741025, "z": 44.49822925405345}, "nodeCamRot": {"_x": -0.18216606060008866, "_y": 0.6815720948324157, "_z": 0.18121359509975787, "_w": 0.6851544635060172}}, "WM-WD-PL00-00": {"type": "WD", "position": {"x": 63.04161834716797, "y": -2.3846676349639893, "z": -19.458372116088867}, "nodeCamPos": {"x": 62.94322645051317, "y": 12.011923478507303,